address,Malicious_Wallet_1,Known Hacker,High,Twitter OSINT,4,reason
DefcyKc4yAjRsCLZjdxWuSUzVohXtLna9g22y3pBCm2z,Malicious_Wallet_2,Known Hacker,High,Twitter OSINT,4,credit to @dethective on Twitter
Gr3eiFhPfLAaA4SSHYqan8hcBB9dHLxRC176tfRtS4eb,Malicious_Wallet_3,Known Hacker,High,Twitter OSINT,4,credit to @dethective on Twitter
2NHGzdMGW4Zoe4Szypj3QpQuZR2mq3qRgQk6ek1KkH7V,Malicious_Wallet_4,Known Hacker,High,Twitter OSINT,4,credit to @dethective on Twitter
13X42NiMGh9hRRFUZEnM8dwauZbHNXqu11TAq9LYYki2,Malicious_Wallet_5,Known Hacker,High,Twitter OSINT,4,credit to @dethective on Twitter
HyzGo2wCce9oiRfz1ox9DJZB63gjn8TAbcv819XZmz8Q,Malicious_Wallet_6,Known Hacker,High,Twitter OSINT,4,credit to @dethective on Twitter
7qN8RpRpqgQf1gH6pE11vCrWfSH6t9WGZqepR33g5ao7,Malicious_Wallet_7,Known Hacker,High,Twitter OSINT,4,credit to @dethective on Twitter
G5nxEXuFMfV74DSnsrSatqCW32F34XUnBeq3PfDS7w5E,Malicious_Wallet_8,Known Hacker,High,Twitter OSINT,4,credit to @dethective on Twitter
8va31NrTqLLnTcZ4FHDx68BET9nFY7XaGobidSHMPcCE,Malicious_Wallet_9,Known Hacker,High,Twitter OSINT,4,credit to dethective & arhkam
BXcqm8rcfv4DDck5vvhJA5y1tf461cM5a5bcfGw7TpUT,Malicious_Wallet_10,Known Hacker,High,Twitter OSINT,4,credit to dethective & arhkam
AnBLHAFf4ta8rQTYDUsoNpys64xCATRJ8D7R537q2Rqu,Malicious_Wallet_11,Known Hacker,High,Twitter OSINT,4,credit to dethective & arhkam
hKDWCErDebjF19Y8crpWJLryvEtV4kncKxwBTV8fq7K,Malicious_Wallet_12,Known Hacker,High,Twitter OSINT,4,credit to dethective & arhkam
Ciani8inhuHGRr78K2zdhVWZoXjmVxpC9LPnZu5dpu6J,Malicious_Wallet_13,Known Hacker,High,Twitter OSINT,4,credit to dethective & arhkam
3obwPY8GPnCYp3SmVcuMwdivUCUpX9TJKTa2iDzzKzFF,Malicious_Wallet_14,Known Hacker,High,Twitter OSINT,4,credit to dethective & arhkam
BdBCcBseQyoiCh8y24DSRuuLvRbGsTP5Uup4T8iktjQr,Malicious_Wallet_15,Known Hacker,High,Twitter OSINT,4,credit to dethective & arhkam
Z8NrYPUhhLGRXhx3K3XPyWssAdBGq6b21rbhWmbQnb7,Malicious_Wallet_16,Known Hacker,High,Twitter OSINT,4,credit to dethective & arhkam
DJZohZ5bF5qSfsHae3smJMg9Y3bQ6HJeu7UStqZ3rwfS,Malicious_Wallet_17,Known Hacker,High,Twitter OSINT,4,credit to dethective & arhkam
569m2HS4M1RTUeo7SKyyrA6FJMhvNwVi7daYHvWNgHL1,Malicious_Wallet_18,Known Hacker,High,Twitter OSINT,4,credit to dethective & arhkam
AfaYmzaAaJs5z5BABPGW8ijT1JyGdk59gFvbv36tXvQM,Malicious_Wallet_19,Known Hacker,High,Twitter OSINT,4,credit to dethective & arhkam
5Vf3vme4jVNZVFj5s5KRydPbbgw45brFE35iAEmvkdch,Malicious_Wallet_20,Known Hacker,High,Twitter OSINT,4,credit to dethective & arhkam
AuFT4SY5wh4UyGpeFPcvB9C2vqNFmdwVGEczQVcF4CMf,Malicious_Wallet_21,Known Hacker,High,Twitter OSINT,4,credit to dethective & arhkam
EM49aTkEUSwBziX6fKGwLVCtFEqVUJqTSMMEC9iYcJNt,Malicious_Wallet_22,Known Hacker,High,Twitter OSINT,4,credit to dethective & arhkam
3w54vu99nW8RZr5YfDnYBAYPgsUY9fsWPWm5iUndRWmW,Malicious_Wallet_23,Known Hacker,High,Twitter OSINT,4,credit to dethective & arhkam
BjaXVxiJpJhki8xWvvBhT3eZSNuypT9WopQ5R1JuFnpT,Malicious_Wallet_24,Known Hacker,High,Twitter OSINT,4,credit to dethective & arhkam
DqqgYwPZ2cV9sGiuX1HVYGrz4V2xTL66ERMYMiRDUpLH,Malicious_Wallet_25,Known Hacker,High,Twitter OSINT,4,credit to dethective & arhkam
47YhCmz4czZxqRSx5PeGE3pYy2YLpZfmYdwuWvRHc4SY,Malicious_Wallet_26,Known Hacker,High,Twitter OSINT,4,credit to dethective & arhkam
6uiPsbvaTn3G4xdNzDuzuhEi9X92GgMumy1xQMqx6SJ6,Malicious_Wallet_27,Known Hacker,High,Twitter OSINT,4,credit to dethective & arhkam
5AJVX63jfxjSNqCznrKtQCNitVU8go3ipwE3r2y6GbYA,Malicious_Wallet_28,Known Hacker,High,Twitter OSINT,4,credit to dethective & arhkam
eRzHQ84oTdX5mfHJdnF3QZYKrrEGZBGgBK32pyQk8Vz,Malicious_Wallet_29,Known Hacker,High,Twitter OSINT,4,credit to dethective & arhkam
7v252izhgEoCMoUMBqa7H2e8RNBXf5choGvvpjMGGdw4,Malicious_Wallet_30,Known Hacker,High,Twitter OSINT,4,credit to dethective & arhkam
FrzNdh2QrEDQDKocT5oAkE7Dur4Ct7hGE2PksCZYFmSb,Malicious_Wallet_31,Known Hacker,High,Twitter OSINT,4,credit to dethective & arhkam
GiV2uU8QBPyi27rVNf4SLSWTYkbg6BnbgYHmtSQnfVF3,Malicious_Wallet_32,Known Hacker,High,Twitter OSINT,4,credit to dethective & arhkam
DokXQ6tdZH7JEaowd55QhuvYuudatPPGmTnohwVN95Y2,Malicious_Wallet_33,Known Hacker,High,Twitter OSINT,4,credit to dethective & arhkam
3G8wUc5pCrEqCYRR7zUgmpUey6EwmfqttdXk1LYKL9Vg,Malicious_Wallet_34,Known Hacker,High,Twitter OSINT,4,credit to dethective & arhkam
7h9AyxycSnBrHZuJtaJX9mBodnsJKhVP1AH2CcHUdSE2,Malicious_Wallet_35,Known Hacker,High,Twitter OSINT,4,credit to dethective & arhkam
7B3zZsrEqBtKNiKwuYwPi3TjK3goGDSWezkDtvVnExtB,Malicious_Wallet_36,Known Hacker,High,Twitter OSINT,4,credit to dethective & arhkam
FFPLD7ZtrkG2qcahBArmNS3Fk6CNDQTGTTbsD7cNNDD2,Malicious_Wallet_37,Known Hacker,High,Twitter OSINT,4,credit to dethective & arhkam
63qWZozKit1QenSZR1wfi4eng1QYk9mygaiddpsdhPB5,Malicious_Wallet_38,Known Hacker,High,Twitter OSINT,4,credit to dethective & arhkam
4JSZF6PBhoAyZyLP9Pmi5DFsLWzzahSNDKXWa6HQ4oU6,Malicious_Wallet_39,Known Hacker,High,Twitter OSINT,4,credit to dethective & arhkam
6VzdmM6MwViBAVwtP376khTZzNWfB4rETRgGamfetLvx,Malicious_Wallet_40,Known Hacker,High,Twitter OSINT,4,credit to dethective & arhkam
6kGee6sHfN9pSGLxKfqSjSaD9P3wbZTdk8Gj91i1cZDn,Malicious_Wallet_41,Known Hacker,High,Twitter OSINT,4,credit to dethective & arhkam
Lyoyrr5C55y8bo3BbAAoecyHzNgU4hjexspsMK4hTUF,Malicious_Wallet_42,Known Hacker,High,Twitter OSINT,4,credit to dethective & arhkam
Dyt3FUbPJaQxmP83KjnP3qnESHcevv6dL8w9DYqff6fD,Malicious_Wallet_43,Known Hacker,High,Twitter OSINT,4,credit to dethective & arhkam
C8bXwXPiFoX4yrASnfAYQKZiJWYh9a4sJoX96wvNt8fJ,Malicious_Wallet_44,Known Hacker,High,Twitter OSINT,4,credit to dethective & arhkam
C5rJQ5s9xZvogMUbyPCG6iB2k6cD3h3qmJsGXSiZVvgi,Malicious_Wallet_45,Known Hacker,High,Twitter OSINT,4,credit to dethective & arhkam
BH7zmPdwuJJjZpoy7PLZAZ3akTcMxK8xpocEi8ibHXCK,Malicious_Wallet_46,Known Hacker,High,Twitter OSINT,4,credit to dethective & arhkam
Ew8sx7p2iLdxGBfX13xYhE5LacsPyVNA98XRbnW1oMRW,Malicious_Wallet_47,Known Hacker,High,Twitter OSINT,4,credit to dethective & arhkam
DVpFfwNNnCvYzkjMDBPrRX5Hmi11ZDbyHj6AcEFLxcgj,Malicious_Wallet_48,Known Hacker,High,Twitter OSINT,4,credit to dethective & arhkam
2jTcqiJ7UrJmuSEszjPpoyjXvALooVhUfn9SEmJGLXWM,Malicious_Wallet_49,Known Hacker,High,Twitter OSINT,4,credit to dethective & arhkam
AorUnVYkaeZfkySpBEYLT6KyFZvSWQBL5hy7ZUua9qEV,Malicious_Wallet_50,Known Hacker,High,Twitter OSINT,4,credit to dethective & arhkam
HAmHMBASmJ9ai33fBQTcrzyREbduVHuECtL8jZMD2NYA,Malicious_Wallet_51,Known Hacker,High,Twitter OSINT,4,credit to dethective & arhkam
GkGL6pFjJyYpWYoWbLu1fKknKqUuABF8XP2UH6kst2vf,Malicious_Wallet_52,Known Hacker,High,Twitter OSINT,4,credit to dethective & arhkam
2AYnyvvgzYHTtTF1DUBLh1dHmr9DeEFpjmQJksmyBvpv,Malicious_Wallet_53,Known Hacker,High,Twitter OSINT,4,credit to dethective & arhkam
8msSstgJCfUBkagzY3PqrsLSXXaf8iePjqPivbzEMPXy,Malicious_Wallet_54,Known Hacker,High,Twitter OSINT,4,credit to dethective & arhkam
13PGRJaS562Jq7x6ANkJ8SvWfj49ZJb9GX9fBBxJYrqp,Malicious_Wallet_55,Known Hacker,High,Twitter OSINT,4,credit to dethective & arhkam
B86pZcoEkwQkyx6FxFzqCwjmiv5aroht1eu6CmoForF9,Malicious_Wallet_56,Known Hacker,High,Twitter OSINT,4,credit to dethective & arhkam
F5o5fh9cEmZ2mbDeg2mmZSauBJxsqQEodYZFvjBS94eH,Malicious_Wallet_57,Known Hacker,High,Twitter OSINT,4,credit to dethective & arhkam
2VpPdgMEsPiYHBuJ3nY9qz7q29EtcMhqpHfbA3ofYnt8,Malicious_Wallet_58,Known Hacker,High,Twitter OSINT,4,credit to dethective & arhkam
4sJnuyUxFdAyvpy29mQMahZWbcjyGgS7jtYRfHY9Pc5y,Malicious_Wallet_59,Known Hacker,High,Twitter OSINT,4,credit to dethective & arhkam
D5GWzNTKK37EScDBvFvDyjtCvNYyfP7B7euFosg8Bcid,Malicious_Wallet_60,Known Hacker,High,Twitter OSINT,4,credit to dethective & arhkam
2qpXXVnaxSLU9MtSpeHCNAoAz3KvXPiM7WURp4xqXvQc,Malicious_Wallet_61,Known Hacker,High,Twitter OSINT,4,credit to dethective & arhkam
Dk5keS88V3W7q3JU4cRWBFyWGoeBxLQuVR8pyojdUZWM,Malicious_Wallet_62,Known Hacker,High,Twitter OSINT,4,credit to dethective & arhkam
4RJwA6wNV3hquVEJBEBCGp9afxFEM2BQXmHNRyqMRhfo,Malicious_Wallet_63,Known Hacker,High,Twitter OSINT,4,credit to dethective & arhkam
8iULNpyZYJcdLLNE7oRvDF6iXUEfT6nGH9aqxCfnZ3y8,Malicious_Wallet_64,Known Hacker,High,Twitter OSINT,4,credit to dethective & arhkam
5yvunPjsNVFw7dGqR2sMCKo12vHL7ywjaoZ5Ymot3eLv,Malicious_Wallet_65,Known Hacker,High,Twitter OSINT,4,credit to dethective & arhkam
HfPG9wEYzmBsevGLPz3LHiJPJPzJXJi1YvLXKhs8zMHf,Malicious_Wallet_66,Known Hacker,High,Twitter OSINT,4,credit to dethective & arhkam
7T39LjCnFNyfgXiQL5ogbq9QRDqcdTBBfSAha7eU7dE9,Malicious_Wallet_67,Known Hacker,High,Twitter OSINT,4,credit to dethective & arhkam
6XDAWZaNHEerC2d5vrvPwaB5ofirSCz8fqyNJt8ugPwh,Malicious_Wallet_68,Known Hacker,High,Twitter OSINT,4,credit to dethective & arhkam
5rBgyX5uzfUvEzGBS9mpQFQGH8APYq6QTgU3c9ekVkms,Malicious_Wallet_69,Known Hacker,High,Twitter OSINT,4,credit to dethective & arhkam
P5tb4T6SBVQaM3BAoGfpVudLtTdecqjsh4KV9ESAhKg,Malicious_Wallet_70,Known Hacker,High,Twitter OSINT,4,credit to dethective & arhkam
8ojxSu5Q3h8hFXB1WC1wyHnRroHxrmpkie9KDuu89Hm7,Malicious_Wallet_71,Known Hacker,High,Twitter OSINT,4,credit to dethective & arhkam
7MjJjfGKH9aqRepUB4try2CwbXVAX1zfbauNou4ucEYK,Malicious_Wallet_72,Known Hacker,High,Twitter OSINT,4,credit to dethective & arhkam
38PG1Vj76N3DLJEggdA2EiSydBrNPE5wXQAsVjSMW9FS,Malicious_Wallet_73,Known Hacker,High,Twitter OSINT,4,credit to dethective & arhkam
B7xZNqXiuZMJCeMLR365x1xRVUWnF6iEy6JkE4CFbR2Q,Malicious_Wallet_74,Known Hacker,High,Twitter OSINT,4,credit to dethective & arhkam
C4NTpEVpDmm9CivyjijEYdd4w8pAQ6DDrSicBB3LJPFV,Malicious_Wallet_75,Known Hacker,High,Twitter OSINT,4,credit to dethective & arhkam
8zsra9DzmzENUNjVJvPPYpcyhgztcyPCyVEyJ6muSfUr,Malicious_Wallet_76,Known Hacker,High,Twitter OSINT,4,credit to dethective & arhkam
HpmksZkexEkkFS6VLTw9RcF4AiMghX8nJye9pSZ8qjwW,Malicious_Wallet_77,Known Hacker,High,Twitter OSINT,4,credit to dethective & arhkam
3GXt9BZLbfbtMvnw6DxVvMmsbrxveaef8GB3toCnTtA7,Malicious_Wallet_78,Known Hacker,High,Twitter OSINT,4,credit to dethective & arhkam
7m9nbNTcynRqhxoZfi5S1kGbFtDdtWT7pQtc2cGjGKNX,Malicious_Wallet_79,Known Hacker,High,Twitter OSINT,4,credit to dethective & arhkam
9zaNPDEJ7YN2RYzgTnd7QboBJm4UT4uuC6ce4WVrxAZ5,Malicious_Wallet_80,Known Hacker,High,Twitter OSINT,4,credit to dethective & arhkam
DQ6r7i7VydwDRijiZ5XGEKWKVh21kVobvMdvQcj4upfb,Malicious_Wallet_81,Known Hacker,High,Twitter OSINT,4,credit to dethective & arhkam
7tyqv7KQDKcQHnDNMe7ud26DQCqT6tL7W5ckcbrmTEAs,Malicious_Wallet_82,Known Hacker,High,Twitter OSINT,4,credit to dethective & arhkam
6QsKX7hY5w8DNaLRPd1jLiABibqJSEmqyD8htx6PC76C,Malicious_Wallet_83,Known Hacker,High,Twitter OSINT,4,credit to dethective & arhkam
8nvLrwAdACXQJjRktyLFha4h6Tw8oBXyebAMvv8m4R1m,Malicious_Wallet_84,Known Hacker,High,Twitter OSINT,4,credit to dethective & arhkam
4J3418FMhX43orbZBh1UULY78vxxLpY3nCmUVanxgajd,Malicious_Wallet_85,Known Hacker,High,Twitter OSINT,4,credit to dethective & arhkam
ANGMjWjzhUHcsgueFrRHCHFwg7CX48kRdjFrqyiXpzec,Malicious_Wallet_86,Known Hacker,High,Twitter OSINT,4,credit to dethective & arhkam
44kX2sWQJsHu9qBQgRPo6NG6NbgKJ2gn2AmrfsRpcT8r,Malicious_Wallet_87,Known Hacker,High,Twitter OSINT,4,credit to dethective & arhkam
8vr817dnzwwxUaLfw5EN34fvFz4yfr64ov4MDZiaXeJJ,Malicious_Wallet_88,Known Hacker,High,Twitter OSINT,4,credit to dethective & arhkam
DBHx79Qntjcq5wk2T3GXojiQJngSN8cKY355SzzvwN94,Malicious_Wallet_89,Known Hacker,High,Twitter OSINT,4,credit to dethective & arhkam
3UbosnVKwCe8fzBiDAWpTAAfK2eEK97sJPPaxM5EvUUe,Malicious_Wallet_90,Known Hacker,High,Twitter OSINT,4,credit to dethective & arhkam
BPUcyTFW5iBbn3JLA1qzo2RwJD4vCYEbKUue9XPpaCUJ,Malicious_Wallet_91,Known Hacker,High,Twitter OSINT,4,credit to dethective & arhkam
BRSCiMRvUJgDcBHYYXqJtrReSVd3bmcGYxph9gJLnZsH,Malicious_Wallet_92,Known Hacker,High,Twitter OSINT,4,credit to dethective & arhkam
J9P1AvQqzwudosd8Pp7QdMRH6CgSmEJJnj7KeMCMKPid,Malicious_Wallet_93,Known Hacker,High,Twitter OSINT,4,credit to dethective & arhkam
HVFdVZfZU1YarUk5EoG1gnhs5gJgFKL1vMLrxikVbmGZ,Malicious_Wallet_94,Known Hacker,High,Twitter OSINT,4,credit to dethective & arhkam
FbRhHrfNvuniA9qc1vok3LdtQEPgGTUxhnoKRdGUTuqx,Malicious_Wallet_95,Known Hacker,High,Twitter OSINT,4,credit to dethective & arhkam
G66X7GxTsYNKGDTviPcrBgGSK3M5HPJzWhZmdEurTCs9,Malicious_Wallet_96,Known Hacker,High,Twitter OSINT,4,credit to dethective & arhkam
D6QBq56wWxANFt72ubTThdeiDsu96E3y3M2zZ2GpoyjV,Malicious_Wallet_97,Known Hacker,High,Twitter OSINT,4,credit to dethective & arhkam
EgCD37zbTkGzhGzstYivLvtk3NRW2XdZkWnmEWV5NrMq,Malicious_Wallet_98,Known Hacker,High,Twitter OSINT,4,credit to dethective & arhkam
9cey7s2oEjoAkumb8Rw6LZb1Q5YSHAAqWSBC4pV1cLdM,Malicious_Wallet_99,Known Hacker,High,Twitter OSINT,4,credit to dethective & arhkam
8ovrQ978tvVY6LPsoeG7rTWE5qBGpy3wun9yWEhEh82a,Malicious_Wallet_100,Known Hacker,High,Twitter OSINT,4,credit to dethective & arhkam
Es2fchbGnKXVVw5dwAgzAyDm1fmcGU9ThzWvJarC8YxA,Malicious_Wallet_101,Known Hacker,High,Twitter OSINT,4,credit to dethective & arhkam
EBdfmM9VntnWRk4Xs5db4mdbdEyWfneFFHDhdmB7TAhw,Malicious_Wallet_102,Known Hacker,High,Twitter OSINT,4,credit to dethective & arhkam
77K49rYvoXMYpHNf5ZsLULJBipNcj57ruTR3r4egnxuM,Malicious_Wallet_103,Known Hacker,High,Twitter OSINT,4,credit to dethective & arhkam
2YWdfY2Gau12UNX2H8TNd6kdt3raf2xPcNDqV8dUzBZq,Malicious_Wallet_104,Known Hacker,High,Twitter OSINT,4,credit to dethective & arhkam
DsvxMndWJws2ubvn3TZeLwNAt53a9T4vgCTeao2ZZqQ1,Malicious_Wallet_105,Known Hacker,High,Twitter OSINT,4,credit to dethective & arhkam
GgZuCWfEp26k8FhokbbCAxWXJzCov89ASm2QBv6MCdzV,Malicious_Wallet_106,Known Hacker,High,Twitter OSINT,4,credit to dethective & arhkam
4ZYvfH7y5PcGnM4C7MZSbXK4SXRZHE3DznZD8mUaL6Tg,Malicious_Wallet_107,Known Hacker,High,Twitter OSINT,4,credit to dethective & arhkam
EMWvxq2aDAFej7u3sWw6pQ1UGcYrWrgTt7g4xu2was2D,Malicious_Wallet_108,Known Hacker,High,Twitter OSINT,4,credit to dethective & arhkam
XK3artTo2B9BH3cVDuz77BZbc3bgUacp5ZmaeUtYExR,Malicious_Wallet_109,Known Hacker,High,Twitter OSINT,4,credit to dethective & arhkam
4hCzXrVRZ5szcZHzNs7pExevupcFBQShAMoAE1UcEvpx,Malicious_Wallet_110,Known Hacker,High,Twitter OSINT,4,credit to dethective & arhkam
5Ge88kFymT1iouUK3hjHRzdnibxZS8N7kK8Yx5DKsg7s,Malicious_Wallet_111,Known Hacker,High,Twitter OSINT,4,credit to dethective & arhkam
H18NXEwfo5kDQiSGUZ3rpypUhUSDXQMrTVQoS6Kupewi,Malicious_Wallet_112,Known Hacker,High,Twitter OSINT,4,credit to dethective & arhkam
8BuEtYVMEKh4gkke8ro5xKCNnckuEZnETvfu6JMTLZJx,Malicious_Wallet_113,Known Hacker,High,Twitter OSINT,4,credit to dethective & arhkam
6FroiZNv9ncMvdJf1RZjAWCaMAZNw899GZ3YPdZoncJS,Malicious_Wallet_114,Known Hacker,High,Twitter OSINT,4,credit to dethective & arhkam
DEYcYWkhxaVcDnPwhwXwvuv91PccFpcDBQrfo7DYaWi4,Malicious_Wallet_115,Known Hacker,High,Twitter OSINT,4,credit to dethective & arhkam
7bZobpCHHhnfdpeBWq5t1PzoLqdD3khNHRQUMUpbrXiW,Malicious_Wallet_116,Known Hacker,High,Twitter OSINT,4,credit to dethective & arhkam
29V2yoy6MFgJMqrLdwdE4bbc3Rhisibr5vRRAC9UW6SP,Malicious_Wallet_117,Known Hacker,High,Twitter OSINT,4,credit to dethective & arhkam
3ZQtua9RppUJckh5mGE8FsTS8XTSBZV9X4YfgKRyVCyT,Malicious_Wallet_118,Known Hacker,High,Twitter OSINT,4,credit to dethective & arhkam
DTtbTmxEvjGwRuGPnyxeufbw4Xz1seEZUD81NzZwS5v6,Malicious_Wallet_119,Known Hacker,High,Twitter OSINT,4,credit to dethective & arhkam
4JwTGsEXZzMyf7XgFN3bJnAi5ztuZMqwfmJUMDDReZfS,Malicious_Wallet_120,Known Hacker,High,Twitter OSINT,4,credit to dethective & arhkam
2d94iPic3Nw1H2mqjcNagYfwEyCo9xpKZzVZg4JcW9Qj,Malicious_Wallet_121,Known Hacker,High,Twitter OSINT,4,credit to dethective & arhkam
3aqwh4xm8ZGSVwBKh6PH63hGZfpjWWZe41TojvWH8bt3,Malicious_Wallet_122,Known Hacker,High,Twitter OSINT,4,credit to dethective & arhkam
4CY5QMdRCwJL8qXKjmpVVgtXzYL5jaB9pEgn5ch9Yywr,Malicious_Wallet_123,Known Hacker,High,Twitter OSINT,4,credit to dethective & arhkam
28V61orywWdZGcnqsz1v7VKehie3VpA8hTUD4H2TQJnX,Malicious_Wallet_124,Known Hacker,High,Twitter OSINT,4,credit to dethective & arhkam
7cJb7N8idcmXgcAkpW8ED1wehCwXaURXRRgQ3cVxcjRk,Malicious_Wallet_125,Known Hacker,High,Twitter OSINT,4,credit to dethective & arhkam
5SKYfpg7tbEZSA955wsqCNtVmHU4oe7CQR7SHGfosaep,Malicious_Wallet_126,Known Hacker,High,Twitter OSINT,4,credit to dethective & arhkam
Hww98eCs8QV1NNGqCz85FbdpLYSozYFzKkdxNTBs6H8o,Malicious_Wallet_127,Known Hacker,High,Twitter OSINT,4,credit to dethective & arhkam
67AqMPvmQnFNRoYZHt2Chus21B8PdEWui9T9tNDgZhbE,Malicious_Wallet_128,Known Hacker,High,Twitter OSINT,4,credit to dethective & arhkam
HBQgXLc99CFegDN2YkPHbQHP5p5xe8nAT4cKTe9ioDR6,Malicious_Wallet_129,Known Hacker,High,Twitter OSINT,4,credit to dethective & arhkam
FQz5CsJGzdbqqRY17BHoMUnKkWFaApnNtVUBHzkSNM2S,Malicious_Wallet_130,Known Hacker,High,Twitter OSINT,4,credit to dethective & arhkam
6AGSZBG6UX1BPq3poFSCxZiQJKAZrHNk5sp5Pwu48BJg,Malicious_Wallet_131,Known Hacker,High,Twitter OSINT,4,credit to dethective & arhkam
3d1ao47npXftzpBqyAUpYoGckYbx6u1P8PnSr7MeNX7S,Malicious_Wallet_132,Known Hacker,High,Twitter OSINT,4,credit to dethective & arhkam
HfWvPXS4bHRm2cGXHomvzA47zwJQt1GnnbM3RDAZZZWo,Malicious_Wallet_133,Known Hacker,High,Twitter OSINT,4,credit to dethective & arhkam
4DpZ6aPr4JqU1V1QFkA7fLLPPH1686Ue4B6yLSk92jth,Malicious_Wallet_134,Known Hacker,High,Twitter OSINT,4,credit to dethective & arhkam
7PtFPthEupSR42GZrCkBtrvJwJ6MPRTivKHdvjc54FEL,Malicious_Wallet_135,Known Hacker,High,Twitter OSINT,4,credit to dethective & arhkam
8aHt94mBa5a9W4LaWtJ55HvsSejXJkAGSwpaVCsvf19u,Malicious_Wallet_136,Known Hacker,High,Twitter OSINT,4,credit to dethective & arhkam
CoBXva47zHEvnsd4ZuwmwUQGQBtpJtJdE4iaAX5v26Yy,Malicious_Wallet_137,Known Hacker,High,Twitter OSINT,4,credit to dethective & arhkam
GHWmcxCzzE3mr9wUXGPorwKa25HFzandLNTJWxEzC9dy,Malicious_Wallet_138,Known Hacker,High,Twitter OSINT,4,credit to dethective & arhkam
9nEmiNDtFWAWhGi4AmsjcXwanyPyjHMzGqnwduzvtgZs,Malicious_Wallet_139,Known Hacker,High,Twitter OSINT,4,credit to dethective & arhkam
6UPao1UKT34Ciunyn3UmwWc1n5JChdmpDQ1CEVgp3eHZ,Malicious_Wallet_140,Known Hacker,High,Twitter OSINT,4,credit to dethective & arhkam
qFaCTcqSbXiSEb9s3BWGVriXkFKhSaw4WJpZWSZaU2A,Malicious_Wallet_141,Known Hacker,High,Twitter OSINT,4,credit to dethective & arhkam
DKobneoJyGuFLR9puqUWvdnxcmQ46Fgy8VyyrmUFjTMH,Malicious_Wallet_142,Known Hacker,High,Twitter OSINT,4,credit to dethective & arhkam
6f3W9WAEjTfkKabd38rdgqLMXEBW3hrjsV3N4ZTn68Hr,Malicious_Wallet_143,Known Hacker,High,Twitter OSINT,4,credit to dethective & arhkam
3r2e1oHdPHXNu6MfbRXc55uYAKu19AoeirdYAu4hhwwz,Malicious_Wallet_144,Known Hacker,High,Twitter OSINT,4,credit to dethective & arhkam
a6YJh3ZCfEcwff9voWGMY2eVwv1YuSSsL4R5gvkcZd9,Malicious_Wallet_145,Known Hacker,High,Twitter OSINT,4,credit to dethective & arhkam
FVhRfyWgKxbjRsTi2FzaU6HWRhsby7j1sWwoPtbAkcff,Malicious_Wallet_146,Known Hacker,High,Twitter OSINT,4,credit to dethective & arhkam
ADPHVsntC2RUiZz6c2HVv7HZWEp7KwRKrMVAHWP1hF9E,Malicious_Wallet_147,Known Hacker,High,Twitter OSINT,4,credit to dethective & arhkam
6vU55HTCGRZWmpheZQwNMd2pMETfQ5NRPKiSr29ZibEH,Malicious_Wallet_148,Known Hacker,High,Twitter OSINT,4,credit to dethective & arhkam
73rzmRbtdi8xCP45NxYLsopmqgscrzAdxPs4oXeTakie,Malicious_Wallet_149,Known Hacker,High,Twitter OSINT,4,credit to dethective & arhkam
53tYwUHr37gA7ysy8TVY2UAnQdin5CzdqnBzoced9og6,Malicious_Wallet_150,Known Hacker,High,Twitter OSINT,4,credit to dethective & arhkam
t6tTsNvwYcpsYfGhb5tiWFxwLLnfmN3uxJCZ3S3qH4r,Malicious_Wallet_151,Known Hacker,High,Twitter OSINT,4,credit to dethective & arhkam
3xUpArYBYjGx5uxfK9sPW5YVWShe41Hurxrk3zpzSMov,Malicious_Wallet_152,Known Hacker,High,Twitter OSINT,4,credit to dethective & arhkam
6n6JWoTTfdCyHJAZbkjVVrqnD6ZFYGNjTJADxbunSSY,Malicious_Wallet_153,Known Hacker,High,Twitter OSINT,4,credit to dethective & arhkam
6xUcREeZDvbXTq6yHsE8yffw6MBb13qgETCV6aCqS8mi,Malicious_Wallet_154,Known Hacker,High,Twitter OSINT,4,credit to dethective & arhkam
DyaC9MnH7QcgM4WbnHZp3cpmfBTnSxpvKHVVF5WDDSa9,Malicious_Wallet_155,Known Hacker,High,Twitter OSINT,4,credit to dethective & arhkam
7MfnhUx6QqXai3gdtZT9VYyAbTqiaX6gqHBUDsuMYkSk,Malicious_Wallet_156,Known Hacker,High,Twitter OSINT,4,credit to dethective & arhkam
C5YQeXyUWzRvV5yVh3fVFcHzK7rvraKWHVU6tzo7tsKM,Malicious_Wallet_157,Known Hacker,High,Twitter OSINT,4,credit to dethective & arhkam
EsDwRmqcWkLTQaB3uZNP7EeTWZJh1zegEPQDK8pfz3Um,Malicious_Wallet_158,Known Hacker,High,Twitter OSINT,4,credit to dethective & arhkam
4xNfEaniKjKDpJvme67avZENGkfHPEq39ZjKWUL2E4ZU,Malicious_Wallet_159,Known Hacker,High,Twitter OSINT,4,credit to dethective & arhkam
Grs2yQmLs6p6MbhgvEL1LPDoxbTdFKFBK48sS6zmf74V,Malicious_Wallet_160,Known Hacker,High,Twitter OSINT,4,credit to dethective & arhkam
HWcDqxYxtxPx2rEyr9tzVjP5vkqKSrGANku8JTbVPesR,Malicious_Wallet_161,Known Hacker,High,Twitter OSINT,4,credit to dethective & arhkam
D91a7tBpe7PCgj2rBymKUKFenaSiRSkw3bAm2fzwMsjz,Malicious_Wallet_162,Known Hacker,High,Twitter OSINT,4,credit to dethective & arhkam
9McQsBMirdyrESoxyTyB3mM9aKX7dEZBnJgD6bNqg1ZG,Malicious_Wallet_163,Known Hacker,High,Twitter OSINT,4,credit to dethective & arhkam
DRnPdo43Eggi3juHzUk6TbRk3L74rU6rJT6wW9NULXgP,Malicious_Wallet_164,Known Hacker,High,Twitter OSINT,4,credit to dethective & arhkam
8ueeotKqm9ro7qY79hqScWaUdHWbKQghHntJfy6n4rWa,Malicious_Wallet_165,Known Hacker,High,Twitter OSINT,4,credit to dethective & arhkam
8E8cZ2LN4Jf9P2vNX5cTJf6XRpofJduAzf7MBaUg9nks,Malicious_Wallet_166,Known Hacker,High,Twitter OSINT,4,credit to dethective & arhkam
9bWLo3BMzWfnMrLZ2LxhiYt6DyTQGF2GgYCzQr63rxrB,Malicious_Wallet_167,Known Hacker,High,Twitter OSINT,4,credit to dethective & arhkam
CftJrZjcxb2B6FwMnAmv1yib8WdcTf32EEEpLDcaXG8r,Malicious_Wallet_168,Known Hacker,High,Twitter OSINT,4,credit to dethective & arhkam
EemWKQy6u268up9G35Vq8QMHKqdmRsAnKSZfKu5S4WU8,Malicious_Wallet_169,Known Hacker,High,Twitter OSINT,4,credit to dethective & arhkam
BV65T3vAva7Frn4r8n8angFxMdELrTuV6jXph79Z6gJD,Malicious_Wallet_170,Known Hacker,High,Twitter OSINT,4,credit to dethective & arhkam
AJ62gweRVWTLVtM9BSWXxsjeT1QiY8iQja2N9EgkaocL,Malicious_Wallet_171,Known Hacker,High,Twitter OSINT,4,credit to dethective & arhkam
FRvpTPecs7v37Ni29Aw1beaMTPxuUnFcTymqusP3wzQh,Malicious_Wallet_172,Known Hacker,High,Twitter OSINT,4,credit to dethective & arhkam
7CwRbKWPDcGDBgxy9sxuhfqS32vqzsgpXrSGKs88zvLA,Malicious_Wallet_173,Known Hacker,High,Twitter OSINT,4,credit to dethective & arhkam
HUnxt2KBadRpjV6GepySekmVznVqJun1BedTBoNTQSyc,Malicious_Wallet_174,Known Hacker,High,Twitter OSINT,4,credit to dethective & arhkam
8K6fdVdVV177AgZkriyV9q5iFoUgL19tmetWfZGkUjje,Malicious_Wallet_175,Known Hacker,High,Twitter OSINT,4,credit to dethective & arhkam
4h1tqyKbfrpto5ZkMdZ8NCbVxFPkJPCGpWsnMhW1yW5Y,Malicious_Wallet_176,Known Hacker,High,Twitter OSINT,4,credit to dethective & arhkam
3VAW5G3hjk5nJi8NGkWiYw6jnZdpvi51Xo8nJnjLu9sW,Malicious_Wallet_177,Known Hacker,High,Twitter OSINT,4,credit to dethective & arhkam
6ik4Vtkf7Nx2eZgoRZnKNfcor7RtzW1m1rdouiehG1Mw,Malicious_Wallet_178,Known Hacker,High,Twitter OSINT,4,credit to dethective & arhkam
6XfYs1BbTCGG6Yh3gHiDjkySXzKZcn4yxb2T5h5pz8R4,Malicious_Wallet_179,Known Hacker,High,Twitter OSINT,4,credit to dethective & arhkam
AmkWsaa6BHKsVjX8ix2g2H2PDnNwk7wZTrgiuNonezG6,Malicious_Wallet_180,Known Hacker,High,Twitter OSINT,4,credit to dethective & arhkam
6osXgmNp5gspvfSubAttntAKaLUMXy8ZzbB1VCoBuvQ7,Malicious_Wallet_181,Known Hacker,High,Twitter OSINT,4,credit to dethective & arhkam
QtsN9ca6C6aQstZxYeNptTrxnm3QNkoKcNf3NXGJCgt,Malicious_Wallet_182,Known Hacker,High,Twitter OSINT,4,credit to dethective & arhkam
3yrJM1UC5gjGoqymrFHUTnxr4XnRrTU1rhJjF13vUxi7,Malicious_Wallet_183,Known Hacker,High,Twitter OSINT,4,credit to dethective & arhkam
HVYysAh9wt1R1fgrYrXCxk1qgqMD1vak6wVx9PtGsGFM,Malicious_Wallet_184,Known Hacker,High,Twitter OSINT,4,credit to dethective & arhkam
G5PdE78c6QnvHMdJ7WtZ65Kx8HZrDmH7rnVm4caGLQvZ,Malicious_Wallet_185,Known Hacker,High,Twitter OSINT,4,credit to dethective & arhkam
bbp2QzUDsds9pK6EGMwAj1UQxTsaghVfrYRpU7LSux2,Malicious_Wallet_186,Known Hacker,High,Twitter OSINT,4,credit to dethective & arhkam
5ow7xpWkzgHEDsY9nG1ntZaJoLiSk8aJKW86E9wMGuVv,Malicious_Wallet_187,Known Hacker,High,Twitter OSINT,4,credit to dethective & arhkam
C8d1mdM8rAvT6wVKXCphsZHbg7vQJGR2pnKuRYFygbub,Malicious_Wallet_188,Known Hacker,High,Twitter OSINT,4,credit to dethective & arhkam
GjbUskbQKvRtdoiRown4u345u6kLPkJYW5mec3TqeK8f,Malicious_Wallet_189,Known Hacker,High,Twitter OSINT,4,credit to dethective & arhkam
3kCj6Z64utjMi17Qtu48nSzpmHdS6erPQDG4FRYyNt9B,Malicious_Wallet_190,Known Hacker,High,Twitter OSINT,4,credit to dethective & arhkam
EdQSbfkTUEfCdyEQE5tW4WZxrPNPm8Xg6b4d5cqMmJaZ,Malicious_Wallet_191,Known Hacker,High,Twitter OSINT,4,credit to dethective & arhkam
C6aAXy532c6DAvEdthyDGc5SBox5tfKXPwpwC9cTCeAJ,Malicious_Wallet_192,Known Hacker,High,Twitter OSINT,4,credit to dethective & arhkam
FxqMhs4v82xxchJeQvhiEWWPjUwQmJNbKBgjSLahCqCb,Malicious_Wallet_193,Known Hacker,High,Twitter OSINT,4,credit to dethective & arhkam
FS52oWvGn7gmo4fve1n8DPTfa84C5GH6fDhFoyZqRrcy,Malicious_Wallet_194,Known Hacker,High,Twitter OSINT,4,credit to dethective & arhkam
3UbN3zr2Ekxbzi1bPLkAaJ68sHYYcCUd6TN9YH1vbJFB,Malicious_Wallet_195,Known Hacker,High,Twitter OSINT,4,credit to dethective & arhkam
GjCCgbJ8muB3xV1gXXYGietjswfwSnwrtBQ8mqJwPPx7,Malicious_Wallet_196,Known Hacker,High,Twitter OSINT,4,credit to dethective & arhkam
G7uU5NWnHsk4CFx8RcSJT1UMH8YWMaT1VpJVy2aUfS8R,Malicious_Wallet_197,Known Hacker,High,Twitter OSINT,4,credit to dethective & arhkam
8e8vLSDNjTMwQNj87JccDDPq8kLdgLAAxrdBa1RSffQs,Malicious_Wallet_198,Known Hacker,High,Twitter OSINT,4,credit to dethective & arhkam
Agz4yCQRiekqWsLqRVEcNZ5dvpKYQ8ugmR2oSaVxvTtu,Malicious_Wallet_199,Known Hacker,High,Twitter OSINT,4,credit to dethective & arhkam
8obcfPSSMTJP4A4PBVRuudPzhCjJ3EZWNYtP39fZa9qS,Malicious_Wallet_200,Known Hacker,High,Twitter OSINT,4,credit to dethective & arhkam
2dv76u53LoeMbztpcpw7oBzswEsKRt2ApYEUSeVTAST6,Malicious_Wallet_201,Known Hacker,High,Twitter OSINT,4,credit to dethective & arhkam
Dez5EodNnAkrXytRw8ANwVTdH37f5y4x93k4M2NMvHoZ,Malicious_Wallet_202,Known Hacker,High,Twitter OSINT,4,credit to dethective & arhkam
FJ3jEeddKmeX9LsV9gGKoxWaQPPg5oTffXNrYYsNKhR7,Malicious_Wallet_203,Known Hacker,High,Twitter OSINT,4,credit to dethective & arhkam
GqQtwfH8tsauz7h4PLXTY13U8dW9CYdoM7W3FpczySG2,Malicious_Wallet_204,Known Hacker,High,Twitter OSINT,4,credit to dethective & arhkam
5EaBv9WKk99BaeYznYP6ZnY5Q1CUHAi1xtrB5RDqJJ29,Malicious_Wallet_205,Known Hacker,High,Twitter OSINT,4,credit to dethective & arhkam
2YHyQyqeR9XwDSVaq19Sk6Pt3LDJa6bPW5EgtrqHXRoR,Malicious_Wallet_206,Known Hacker,High,Twitter OSINT,4,credit to dethective & arhkam
5YodndyUr9A5uQv4m37f2y5q1PTu6SgC3qBiJBd45EH4,Malicious_Wallet_207,Known Hacker,High,Twitter OSINT,4,credit to dethective & arhkam
29pzTdAzT5ekBfp98BiXDkcD3fUsHUPQNiPnHGFuTXpo,Malicious_Wallet_208,Known Hacker,High,Twitter OSINT,4,credit to dethective & arhkam
BvXRn9MPwRyQaoDHfrEnFNbkbNDQRxgru2Ltojv8AcEX,Malicious_Wallet_209,Known Hacker,High,Twitter OSINT,4,credit to dethective & arhkam
KnMUYAnZYWxbnn3Et8m3pryuK1G1RvneA3cGKcrgyt7,Malicious_Wallet_210,Known Hacker,High,Twitter OSINT,4,credit to dethective & arhkam
BshHweB1sSJibYP8tr6xuGwLSxv5wSRvL4T3c3kBXbAU,Malicious_Wallet_211,Known Hacker,High,Twitter OSINT,4,credit to dethective & arhkam
FMnAiuFV3KgLrPHyCrhSJZTE5a3ZDca1TWch25WipA3H,Malicious_Wallet_212,Known Hacker,High,Twitter OSINT,4,credit to dethective & arhkam
8B6BBZ4Leh25tMNNt44oWNYtWKY65CcNVXF17KtLFdGS,Malicious_Wallet_213,Known Hacker,High,Twitter OSINT,4,credit to dethective & arhkam
qKBmMXJiVA35f2FtH6izk6FGccTj4e1zHmc11MPNMMv,Malicious_Wallet_214,Known Hacker,High,Twitter OSINT,4,credit to dethective & arhkam
4y72yEvXXfzTd9gmUpHUBzRpaBZcevoV3K7MSxtqb34Z,Malicious_Wallet_215,Known Hacker,High,Twitter OSINT,4,credit to dethective & arhkam
3qyrTqTZKy6rqmihkVxePWMkbvKX1kMGBfWihdyxfMyW,Malicious_Wallet_216,Known Hacker,High,Twitter OSINT,4,credit to dethective & arhkam
APahbhprqJLpAnXnyeqavXb5WUZSvkgohXSLkBYJxZTP,Malicious_Wallet_217,Known Hacker,High,Twitter OSINT,4,credit to dethective & arhkam
JA48yuGdHPH5dEjXKD2QLiE4G357swfS3WTzXKeH8aXi,Malicious_Wallet_218,Known Hacker,High,Twitter OSINT,4,credit to dethective & arhkam
FxZs8wDSicesNhGjbvt9SaRDWEuxqPzBYGiSNdJieqCJ,Malicious_Wallet_219,Known Hacker,High,Twitter OSINT,4,credit to dethective & arhkam
uoV9DnD4i6TvbSdULNJWuNcmYa92qa3ujXT9iF2547x,Malicious_Wallet_220,Known Hacker,High,Twitter OSINT,4,credit to dethective & arhkam
7qSSc4sgm6uMgczdJvCPd6mKzCbNP7uvv5uPLTBGtg1V,Malicious_Wallet_221,Known Hacker,High,Twitter OSINT,4,credit to dethective & arhkam
2iv5gwSGGPvT2MdT8rSdbfMYqpTt4qQuDqwDb4EfFntz,Malicious_Wallet_222,Known Hacker,High,Twitter OSINT,4,credit to dethective & arhkam
4VPVEESq7PZHuRFfDvNxtLTXtAUQHHzEUSzAGfkaPmec,Malicious_Wallet_223,Known Hacker,High,Twitter OSINT,4,credit to dethective & arhkam
CM6RTaP9TLWfDtkz2JCk5VuCLdy4f7Jw27fBoFmAKYyG,Malicious_Wallet_224,Known Hacker,High,Twitter OSINT,4,credit to dethective & arhkam
4DVYA9Re7G5DPq7EWDf7Ros4KXV6iwbnKERsjKqAx1GQ,Malicious_Wallet_225,Known Hacker,High,Twitter OSINT,4,credit to dethective & arhkam
GPFUPfPt3B4Sqz4oKnEM2BXE2YuGJPxrwT9WmKmGyBdY,Malicious_Wallet_226,Known Hacker,High,Twitter OSINT,4,credit to dethective & arhkam
8QUCZeigZeiaVVvsgFpSzQ6FSm6SSUUFJCfTeqs6ADMT,Malicious_Wallet_227,Known Hacker,High,Twitter OSINT,4,credit to dethective & arhkam
5BzCZWyRwHS8bCdHFzzKK9rgMAgR9bRDuX18BLZsGP6K,Malicious_Wallet_228,Known Hacker,High,Twitter OSINT,4,credit to dethective & arhkam
7vuVV3q9oau69wBqgAJNPxHFXVG3zLUva2sJZpkWo1Bu,Malicious_Wallet_229,Known Hacker,High,Twitter OSINT,4,credit to dethective & arhkam
CkYJaSKw4pQZMrFsD6CDBfwHzL49DqaCKakBpyJpHenm,Malicious_Wallet_230,Known Hacker,High,Twitter OSINT,4,credit to dethective & arhkam
GSCiNRWKyqSHeLosiNC5wozLcvprtyfHmqejMtmun8BM,Malicious_Wallet_231,Known Hacker,High,Twitter OSINT,4,credit to dethective & arhkam
9aSNq33f4EE9jYuv97WGXovxtHdA1ps3hogGNm7Wvp2m,Malicious_Wallet_232,Known Hacker,High,Twitter OSINT,4,credit to dethective & arhkam
8tZdj7XC9LnjjJWzgA884vh5D8JmznwN2xKBHUwb4JPt,Malicious_Wallet_233,Known Hacker,High,Twitter OSINT,4,credit to dethective & arhkam
Dyb6SLepHmXoYVFHYT2LTgyya3XoTqYDsokmKMzxNLkz,Malicious_Wallet_234,Known Hacker,High,Twitter OSINT,4,credit to dethective & arhkam
Dd6H2tv4N67bnpntY65ANZiZYEmb5oiQ6NDnNg3rYfy1,Malicious_Wallet_235,Known Hacker,High,Twitter OSINT,4,credit to dethective & arhkam
EhW53yjZLULnchVxRyUmnJanHqAqjgPCXX5Er33yfdqC,Malicious_Wallet_236,Known Hacker,High,Twitter OSINT,4,credit to dethective & arhkam
53ztLtwBBpNcTMzzYxnQFbvbuGFWtYMiLYwjNHyyJtXo,Malicious_Wallet_237,Known Hacker,High,Twitter OSINT,4,credit to dethective & arhkam
9mhiWyAGFcfSrMawpzZuChnEYtwfJsFkwNupM8UYAjb3,Malicious_Wallet_238,Known Hacker,High,Twitter OSINT,4,credit to dethective & arhkam
Ccm2LdrPem8XkptWfCspFyzEQwHkgofFjoLqqWqYHjVD,Malicious_Wallet_239,Known Hacker,High,Twitter OSINT,4,credit to dethective & arhkam
7EUaWzwQNcWWAwd4yQffk7D2kujR6NytqLDgiJPh9VcC,Malicious_Wallet_240,Known Hacker,High,Twitter OSINT,4,credit to dethective & arhkam
3v9cCCDho88S5UrqCmVhpBHhz96QJmhtUZW75cdWHmn9,Malicious_Wallet_241,Known Hacker,High,Twitter OSINT,4,credit to dethective & arhkam
CvYtteN6Xtxu2V8jGkezmEJbdSdAmNACvVVn1t11WFH2,Malicious_Wallet_242,Known Hacker,High,Twitter OSINT,4,credit to dethective & arhkam
2M7awHo9S4PtbQjBBomEPxWUVM9djYN5uBDdfWPXn1Sz,Malicious_Wallet_243,Known Hacker,High,Twitter OSINT,4,credit to dethective & arhkam
5d6CoVwgGpmfSeWJJ9w9Fp79duZ7kXBgKTytfuLArYD6,Malicious_Wallet_244,Known Hacker,High,Twitter OSINT,4,credit to dethective & arhkam
Fs7VRabB83Ez3U8TxgVCi5e5ToTnQHEUnw3o4uDCThXZ,Malicious_Wallet_245,Known Hacker,High,Twitter OSINT,4,credit to dethective & arhkam
DBqkDVxY5iTAoyWknckcxNZRbBmEAhgqbQwmMF3chbn3,Malicious_Wallet_246,Known Hacker,High,Twitter OSINT,4,credit to dethective & arhkam
GztfPSDYHSjAF6UGNn7DZYmZETFXEo7x3W6qVNs9hnrn,Malicious_Wallet_247,Known Hacker,High,Twitter OSINT,4,credit to dethective & arhkam
7YGsppazoxscAcP8yGE34GXSGf2dawxfHMEPfBKpHFZr,Malicious_Wallet_248,Known Hacker,High,Twitter OSINT,4,credit to dethective & arhkam
CfEcZqg7D9NukQ4DkQ4z6579iszPVh1YXL1w1u1zWQbD,Malicious_Wallet_249,Known Hacker,High,Twitter OSINT,4,credit to dethective & arhkam
6emdt4nUFSA22s7yMU4Vmf78rzKBCfge31jtZ5Y4Zrb,Malicious_Wallet_250,Known Hacker,High,Twitter OSINT,4,credit to dethective & arhkam
ErLX5tHHo4NiHRvsb2c6He2Laa4zqzEWRqVTXfXHSWhT,Malicious_Wallet_251,Known Hacker,High,Twitter OSINT,4,credit to dethective & arhkam
AA6z794yfQr33XunqAxtS7D619qba3yj77tJ3APshqBC,Malicious_Wallet_252,Known Hacker,High,Twitter OSINT,4,credit to dethective & arhkam
BVZgFRreaTZremo6PRzKwFAijpjXShHD93DFXPK81Kzk,Malicious_Wallet_253,Known Hacker,High,Twitter OSINT,4,credit to dethective & arhkam
8MEzHLgHMLCbHZdc5Cqa2VUud9jvmQoQyARNFiBwnX69,Malicious_Wallet_254,Known Hacker,High,Twitter OSINT,4,credit to dethective & arhkam
DrjPuy7xxpUQSHyGKW3YoPAYLvR6HTx7iCCFWsFesU7B,Malicious_Wallet_255,Known Hacker,High,Twitter OSINT,4,credit to dethective & arhkam
EPSXZNq4mqtSC3go1BisrbWagjbKgJSiu9pq3ajCKaSy,Malicious_Wallet_256,Known Hacker,High,Twitter OSINT,4,credit to dethective & arhkam
AdhfoQHRjio2CEULhAjCpr6pDk2QmJGEC1S4YvWXVrjs,Malicious_Wallet_257,Known Hacker,High,Twitter OSINT,4,credit to dethective & arhkam
5zpkjrD41WYq8EVW6wJHMZkFEAZKogzrNLZJumdi9Lyo,Malicious_Wallet_258,Known Hacker,High,Twitter OSINT,4,credit to dethective & arhkam
5L1Bmg4rjruGAquk5rbXcv3JVhDjT6GGcpbuxNRpbNuG,Malicious_Wallet_259,Known Hacker,High,Twitter OSINT,4,credit to dethective & arhkam
CWw7Ba2qwcepzwQ3TtEV8rrD9HL6ojcJ2igXgbL4ah1s,Malicious_Wallet_260,Known Hacker,High,Twitter OSINT,4,credit to dethective & arhkam
JCT1CV9DdvDrFACJBSC95QCDJQis4YFmNRqebJGo9tQ3,Malicious_Wallet_261,Known Hacker,High,Twitter OSINT,4,credit to dethective & arhkam
8qRiMzqKG8TxzuTppQKCg2X8MALSQgt3uMSC7VGNh65Z,Malicious_Wallet_262,Known Hacker,High,Twitter OSINT,4,credit to dethective & arhkam
2FZEKXSHJTaeKZx6SuS4EeYnWqpxHpqTVD5umTXzueSj,Malicious_Wallet_263,Known Hacker,High,Twitter OSINT,4,credit to dethective & arhkam
ErJ1NQ3Ffx4gunuFUyt5xCeYVk68SccHsfNtScw3cPxV,Malicious_Wallet_264,Known Hacker,High,Twitter OSINT,4,credit to dethective & arhkam
ALMrD7oLkDxJMLy2jN5gCYyMtkU5r4xD2hWkg9BNDDkE,Malicious_Wallet_265,Known Hacker,High,Twitter OSINT,4,credit to dethective & arhkam
H2gFzPZqjWQCwFUUsNEyNPeJJpnkHYoFJ99QYfJcapx3,Malicious_Wallet_266,Known Hacker,High,Twitter OSINT,4,credit to dethective & arhkam
5ryixAfy8vw2p5hPCfNXYxCwDxD7HCThvLSKJWkPxxGE,Malicious_Wallet_267,Known Hacker,High,Twitter OSINT,4,credit to dethective & arhkam
4fPfyUV41EbWczyYogD4Jnk5Jbf5ET6z4Qpwz7SndPNk,Malicious_Wallet_268,Known Hacker,High,Twitter OSINT,4,credit to dethective & arhkam
FGnXQHAmch7mhYivFv36d6hzFUiyBnPdr1oeKoLy2YDC,Malicious_Wallet_269,Known Hacker,High,Twitter OSINT,4,credit to dethective & arhkam
F5pPWVXFmtU9hwKX4EUvcmhnZohdnEf3EPgTKWg2HGBc,Malicious_Wallet_270,Known Hacker,High,Twitter OSINT,4,credit to dethective & arhkam
GcWC4useAnysGxp7rnM4TrWqhgh5P9uv76vKDDVGU4rN,Malicious_Wallet_271,Known Hacker,High,Twitter OSINT,4,credit to dethective & arhkam
ZZmmkXmUQMPwxGTxwYN2kSfkJNAcK1tGXcTy9rzuRCx,Malicious_Wallet_272,Known Hacker,High,Twitter OSINT,4,credit to dethective & arhkam
7z3y996vrBCWcsaJ9cmn2Lwcf8UAJQehqqc9fYTFbYJc,Malicious_Wallet_273,Known Hacker,High,Twitter OSINT,4,credit to dethective & arhkam
E57neXDpXWAiweqLVauStxttAAf7Mk2c7VWzruufPhqP,Malicious_Wallet_274,Known Hacker,High,Twitter OSINT,4,credit to dethective & arhkam
6nXgz1QwYc1PGoKfvyB26NwMvHUAj2VDx2cSEvTiihD8,Malicious_Wallet_275,Known Hacker,High,Twitter OSINT,4,credit to dethective & arhkam
3rmBcUy4zSj7CsSmjQ1ni6dj8LakjwA3b9mpSb1kNb3L,Malicious_Wallet_276,Known Hacker,High,Twitter OSINT,4,credit to dethective & arhkam
6cxb1EnjT42rc3fUz9q1hcXsRo3NR3LnfGbXRhZCV9tu,Malicious_Wallet_277,Known Hacker,High,Twitter OSINT,4,credit to dethective & arhkam
5u7wqsp2dxAeniUU5LdCxXN4sY3FUawXyzoJ5MBVCMvV,Malicious_Wallet_278,Known Hacker,High,Twitter OSINT,4,credit to dethective & arhkam
62U71yksE141isK3cXKiN9W5rqWumwFNoS4EcaVhux6j,Malicious_Wallet_279,Known Hacker,High,Twitter OSINT,4,credit to dethective & arhkam
8XWodXWprWwytbNeRADHsZLbbDUPghFUDtHqf4AdrsSb,Malicious_Wallet_280,Known Hacker,High,Twitter OSINT,4,credit to dethective & arhkam
811spzUa7vRNxBWN7KUkaLftdFG4GumwksdeBZ7rmA3,Malicious_Wallet_281,Known Hacker,High,Twitter OSINT,4,credit to dethective & arhkam
3282zBFXGYAn3bkoqqPkHUsqQFU9nkLjBHDnqEZLWEB9,Malicious_Wallet_282,Known Hacker,High,Twitter OSINT,4,credit to dethective & arhkam
6oyvqSwo8uxqVoAvqqi75hXNBr1eZy5w5mXJdns4Bz2e,Malicious_Wallet_283,Known Hacker,High,Twitter OSINT,4,credit to dethective & arhkam
9oYMKTdRTdQidaKwi9JiVX62gNLs8yiYbpnYNu7avsmr,Malicious_Wallet_284,Known Hacker,High,Twitter OSINT,4,credit to dethective & arhkam
9ksnG6GENoUc96nBY11bmJ85QzyofK6S4Qrzxsgvvtua,Malicious_Wallet_285,Known Hacker,High,Twitter OSINT,4,credit to dethective & arhkam
DD8Jmx1k1Gxw4U341MH3oNSXYV4AR7n4QtYczdTHHKNd,Malicious_Wallet_286,Known Hacker,High,Twitter OSINT,4,credit to dethective & arhkam
ztXG25X7j4MkUvF1b73FAhwx9U9opFRPsutuNBKbr8q,Malicious_Wallet_287,Known Hacker,High,Twitter OSINT,4,credit to dethective & arhkam
5ZsjhHsXQEzDf3SzgUkEVpBVqQfQtFjbKjGQWfYcfVD,Malicious_Wallet_288,Known Hacker,High,Twitter OSINT,4,credit to dethective & arhkam
GDH9P8YosEmy8RNKLHTYYwNZBY9NbgfXozKKQiJE4E9Q,Malicious_Wallet_289,Known Hacker,High,Twitter OSINT,4,credit to dethective & arhkam
Hop5Aj2Ybp1wggbuETJTcx3h31a1uNwVC1YvLNKNUMua,Malicious_Wallet_290,Known Hacker,High,Twitter OSINT,4,credit to dethective & arhkam
DwXc55XSntu21aPaU4vjv4PEK9ATfkYBRFucKkaJy1ut,Malicious_Wallet_291,Known Hacker,High,Twitter OSINT,4,credit to dethective & arhkam
FwUMncRRWjRMxqnSuCSyKxTKYgnQeRJf44TmrBvQmmLj,Malicious_Wallet_292,Known Hacker,High,Twitter OSINT,4,credit to dethective & arhkam
9ke2YL2RGYAXgn6BbDZESdBSVynMKb5HTg73Tcpbq18s,Malicious_Wallet_293,Known Hacker,High,Twitter OSINT,4,credit to dethective & arhkam
GBZBtMzSuf1QAJNx625RyUm6FBsgxQQx6hJGMyYfpZCD,Malicious_Wallet_294,Known Hacker,High,Twitter OSINT,4,credit to dethective & arhkam
BJRv3Cf88ex7xFRptCpjWLBocrVyNLPXHhNAVtu441Fy,Malicious_Wallet_295,Known Hacker,High,Twitter OSINT,4,credit to dethective & arhkam
2Jnpky3UZsWubWrgeaYHLXcR1jgJ1jFUsf6YQm7wGcJ4,Malicious_Wallet_296,Known Hacker,High,Twitter OSINT,4,credit to dethective & arhkam
9YUeAjth3z6d5j69Eb1HTVCG1srrWv9LToLVudZLMtBN,Malicious_Wallet_297,Known Hacker,High,Twitter OSINT,4,credit to dethective & arhkam
Gi4tiF72u6P6aphat6rCadKBaKp1ZXKWnPogMYswp7RQ,Malicious_Wallet_298,Known Hacker,High,Twitter OSINT,4,credit to dethective & arhkam
QsHkdbo3cCS1qQPjhSzb5BExG6Q2qzfz1zbdyuqzXKG,Malicious_Wallet_299,Known Hacker,High,Twitter OSINT,4,credit to dethective & arhkam
3Lqnvt6byxs1vuGuY39wTf8YRWsD8toTX54duBLbWJAd,Malicious_Wallet_300,Known Hacker,High,Twitter OSINT,4,credit to dethective & arhkam
G9Txuq3drHQRVawN3ERLChEhcCCcLF1bDZKtQqYJmbWW,Malicious_Wallet_301,Known Hacker,High,Twitter OSINT,4,credit to dethective & arhkam
CuwgyujSycyj5AjKbZYT6Uq5aSu6a4WepwictmrYDAd6,Malicious_Wallet_302,Known Hacker,High,Twitter OSINT,4,credit to dethective & arhkam
2Ltwb2PjQ7ZxBq16S6Nz6a8u64R3y6bGCagtF95aLZ29,Malicious_Wallet_303,Known Hacker,High,Twitter OSINT,4,credit to dethective & arhkam
6FzbWKnFFecfdwMV4nopw8211KEA1s3fjKtWLz9r4km9,Malicious_Wallet_304,Known Hacker,High,Twitter OSINT,4,credit to dethective & arhkam
4YmrUSEgMQRDUo6qdx3VEC2XKLztDfoQweTZbdeNMqgn,Malicious_Wallet_305,Known Hacker,High,Twitter OSINT,4,credit to dethective & arhkam
EieMY8Mp4XQxakazrmaejefwUX9SFjxzyhtFFKjTEWsa,Malicious_Wallet_306,Known Hacker,High,Twitter OSINT,4,credit to dethective & arhkam
